contact_age|Freq|work|school|community|household|pt_sum|ref_age|ref_id
15|500|0|0|3|1|4|15|1
30|500|0|0|11|2|13|15|1
15|500|0|0|9|1|10|15|2
30|500|0|0|5|2|7|15|2
15|500|0|0|4|1|5|15|3
30|500|0|0|10|2|12|15|3
15|500|0|0|7|1|8|15|4
30|500|0|0|7|2|9|15|4
15|500|0|0|10|1|11|15|5
30|500|0|0|4|2|6|15|5
15|500|0|0|6|1|7|15|6
30|500|0|0|8|2|10|15|6
15|500|0|0|6|1|7|15|7
30|500|0|0|8|2|10|15|7
15|500|0|0|7|1|8|15|8
30|500|0|0|7|2|9|15|8
15|500|0|0|9|1|10|15|9
30|500|0|0|5|2|7|15|9
15|500|0|0|7|1|8|15|10
30|500|0|0|7|2|9|15|10
15|500|0|0|4|1|5|15|11
30|500|0|0|10|2|12|15|11
15|500|0|0|3|1|4|15|12
30|500|0|0|6|2|8|15|12
15|500|0|0|4|1|5|15|13
30|500|0|0|10|2|12|15|13
15|500|0|0|10|1|11|15|14
30|500|0|0|4|2|6|15|14
15|500|0|0|10|1|11|15|15
30|500|0|0|4|2|6|15|15
15|500|0|0|4|1|5|15|16
30|500|0|0|10|2|12|15|16
15|500|0|0|6|1|7|15|17
30|500|0|0|8|2|10|15|17
15|500|0|0|9|1|10|15|18
30|500|0|0|5|2|7|15|18
15|500|0|0|5|1|6|15|19
30|500|0|0|9|2|11|15|19
15|500|0|0|6|1|7|15|20
30|500|0|0|8|2|10|15|20
15|500|0|0|6|1|7|15|21
30|500|0|0|8|2|10|15|21
15|500|0|0|10|1|11|15|22
30|500|0|0|4|2|6|15|22
15|500|0|0|6|1|7|15|23
30|500|0|0|8|2|10|15|23
15|500|0|0|9|1|10|15|24
30|500|0|0|5|2|7|15|24
15|500|0|0|8|1|9|15|25
30|500|0|0|6|2|8|15|25
15|500|0|0|9|1|10|15|26
30|500|0|0|5|2|7|15|26
15|500|0|0|6|1|7|15|27
30|500|0|0|8|2|10|15|27
15|500|0|0|4|1|5|15|28
30|500|0|0|10|2|12|15|28
15|500|0|0|8|1|9|15|29
30|500|0|0|6|2|8|15|29
15|500|0|0|9|1|10|15|30
30|500|0|0|5|2|7|15|30
15|500|0|0|10|1|11|15|31
30|500|0|0|4|2|6|15|31
15|500|0|0|6|1|7|15|32
30|500|0|0|8|2|10|15|32
15|500|0|0|7|1|8|15|33
30|500|0|0|7|2|9|15|33
15|500|0|0|7|1|8|15|34
30|500|0|0|7|2|9|15|34
15|500|0|0|9|1|10|15|35
30|500|0|0|5|2|7|15|35
15|500|0|0|7|1|8|15|36
30|500|0|0|7|2|9|15|36
15|500|0|0|10|1|11|15|37
30|500|0|0|4|2|6|15|37
15|500|0|0|8|1|9|15|38
30|500|0|0|6|2|8|15|38
15|500|0|0|6|1|7|15|39
30|500|0|0|8|2|10|15|39
15|500|0|0|4|1|5|15|40
30|500|0|0|10|2|12|15|40
15|500|0|0|10|1|11|15|41
30|500|0|0|4|2|6|15|41
15|500|0|0|7|1|8|15|42
30|500|0|0|7|2|9|15|42
15|500|0|0|10|1|11|15|43
30|500|0|0|4|2|6|15|43
15|500|0|0|9|1|10|15|44
30|500|0|0|5|2|7|15|44
15|500|0|0|10|1|11|15|45
30|500|0|0|4|2|6|15|45
15|500|0|0|10|1|11|15|46
30|500|0|0|4|2|6|15|46
15|500|0|0|7|1|8|15|47
30|500|0|0|7|2|9|15|47
15|500|0|0|9|1|10|15|48
30|500|0|0|5|2|7|15|48
15|500|0|0|8|1|9|15|49
30|500|0|0|6|2|8|15|49
15|500|0|0|7|1|8|15|50
30|500|0|0|7|2|9|15|50
15|500|0|0|3|1|4|15|51
30|500|0|0|11|2|13|15|51
15|500|0|0|7|1|8|15|52
30|500|0|0|7|2|9|15|52
15|500|0|0|9|1|10|15|53
30|500|0|0|5|2|7|15|53
15|500|0|0|9|1|10|15|54
30|500|0|0|5|2|7|15|54
15|500|0|0|7|1|8|15|55
30|500|0|0|7|2|9|15|55
15|500|0|0|7|1|8|15|56
30|500|0|0|7|2|9|15|56
15|500|0|0|9|1|10|15|57
30|500|0|0|5|2|7|15|57
15|500|0|0|10|1|11|15|58
30|500|0|0|4|2|6|15|58
15|500|0|0|6|1|7|15|59
30|500|0|0|8|2|10|15|59
15|500|0|0|6|1|7|15|60
30|500|0|0|8|2|10|15|60
15|500|0|0|10|1|11|15|61
30|500|0|0|4|2|6|15|61
15|500|0|0|7|1|8|15|62
30|500|0|0|7|2|9|15|62
15|500|0|0|8|1|9|15|63
30|500|0|0|6|2|8|15|63
15|500|0|0|3|1|4|15|64
30|500|0|0|11|2|13|15|64
15|500|0|0|10|1|11|15|65
30|500|0|0|4|2|6|15|65
15|500|0|0|9|1|10|15|66
30|500|0|0|5|2|7|15|66
15|500|0|0|4|1|5|15|67
30|500|0|0|10|2|12|15|67
15|500|0|0|6|1|7|15|68
30|500|0|0|8|2|10|15|68
15|500|0|0|6|1|7|15|69
30|500|0|0|8|2|10|15|69
15|500|0|0|10|1|11|15|70
30|500|0|0|4|2|6|15|70
15|500|0|0|9|1|10|15|71
30|500|0|0|5|2|7|15|71
15|500|0|0|8|1|9|15|72
30|500|0|0|6|2|8|15|72
15|500|0|0|8|1|9|15|73
30|500|0|0|6|2|8|15|73
15|500|0|0|10|1|11|15|74
30|500|0|0|4|2|6|15|74
15|500|0|0|7|1|8|15|75
30|500|0|0|7|2|9|15|75
15|500|0|0|7|1|8|15|76
30|500|0|0|7|2|9|15|76
15|500|0|0|10|1|11|15|77
30|500|0|0|4|2|6|15|77
15|500|0|0|6|1|7|15|78
30|500|0|0|8|2|10|15|78
15|500|0|0|2|1|3|15|79
30|500|0|0|12|2|14|15|79
15|500|0|0|8|1|9|15|80
30|500|0|0|6|2|8|15|80
15|500|0|0|8|1|9|15|81
30|500|0|0|6|2|8|15|81
15|500|0|0|6|1|7|15|82
30|500|0|0|8|2|10|15|82
15|500|0|0|7|1|8|15|83
30|500|0|0|7|2|9|15|83
15|500|0|0|7|1|8|15|84
30|500|0|0|7|2|9|15|84
15|500|0|0|7|1|8|15|85
30|500|0|0|7|2|9|15|85
15|500|0|0|9|1|10|15|86
30|500|0|0|5|2|7|15|86
15|500|0|0|9|1|10|15|87
30|500|0|0|5|2|7|15|87
15|500|0|0|6|1|7|15|88
30|500|0|0|8|2|10|15|88
15|500|0|0|9|1|10|15|89
30|500|0|0|5|2|7|15|89
15|500|0|0|6|1|7|15|90
30|500|0|0|8|2|10|15|90
15|500|0|0|9|1|10|15|91
30|500|0|0|5|2|7|15|91
15|500|0|0|7|1|8|15|92
30|500|0|0|7|2|9|15|92
15|500|0|0|7|1|8|15|93
30|500|0|0|7|2|9|15|93
15|500|0|0|7|1|8|15|94
30|500|0|0|7|2|9|15|94
15|500|0|0|6|1|7|15|95
30|500|0|0|8|2|10|15|95
15|500|0|0|10|1|11|15|96
30|500|0|0|4|2|6|15|96
15|500|0|0|7|1|8|15|97
30|500|0|0|7|2|9|15|97
15|500|0|0|4|1|5|15|98
30|500|0|0|10|2|12|15|98
15|500|0|0|6|1|7|15|99
30|500|0|0|8|2|10|15|99
15|500|0|0|9|1|10|15|100
30|500|0|0|5|2|7|15|100
15|500|0|0|8|1|9|15|101
30|500|0|0|6|2|8|15|101
15|500|0|0|9|1|10|15|102
30|500|0|0|5|2|7|15|102
15|500|0|0|4|1|5|15|103
30|500|0|0|10|2|12|15|103
15|500|0|0|7|1|8|15|104
30|500|0|0|7|2|9|15|104
15|500|0|0|9|1|10|15|105
30|500|0|0|5|2|7|15|105
15|500|0|0|8|1|9|15|106
30|500|0|0|6|2|8|15|106
15|500|0|0|8|1|9|15|107
30|500|0|0|6|2|8|15|107
15|500|0|0|9|1|10|15|108
30|500|0|0|5|2|7|15|108
15|500|0|0|6|1|7|15|109
30|500|0|0|8|2|10|15|109
15|500|0|0|10|1|11|15|110
30|500|0|0|4|2|6|15|110
15|500|0|0|6|1|7|15|111
30|500|0|0|8|2|10|15|111
15|500|0|0|6|1|7|15|112
30|500|0|0|8|2|10|15|112
15|500|0|0|8|1|9|15|113
30|500|0|0|6|2|8|15|113
15|500|0|0|9|1|10|15|114
30|500|0|0|5|2|7|15|114
15|500|0|0|9|1|10|15|115
30|500|0|0|5|2|7|15|115
15|500|0|0|10|1|11|15|116
30|500|0|0|4|2|6|15|116
15|500|0|0|6|1|7|15|117
30|500|0|0|8|2|10|15|117
15|500|0|0|7|1|8|15|118
30|500|0|0|7|2|9|15|118
15|500|0|0|5|1|6|15|119
30|500|0|0|9|2|11|15|119
15|500|0|0|10|1|11|15|120
30|500|0|0|4|2|6|15|120
15|500|0|0|3|1|4|15|121
30|500|0|0|11|2|13|15|121
15|500|0|0|6|1|7|15|122
30|500|0|0|8|2|10|15|122
15|500|0|0|10|1|11|15|123
30|500|0|0|4|2|6|15|123
15|500|0|0|4|1|5|15|124
30|500|0|0|10|2|12|15|124
15|500|0|0|5|1|6|15|125
30|500|0|0|9|2|11|15|125
15|500|0|0|7|1|8|15|126
30|500|0|0|7|2|9|15|126
15|500|0|0|8|1|9|15|127
30|500|0|0|6|2|8|15|127
15|500|0|0|8|1|9|15|128
30|500|0|0|6|2|8|15|128
15|500|0|0|8|1|9|15|129
30|500|0|0|6|2|8|15|129
15|500|0|0|4|1|5|15|130
30|500|0|0|10|2|12|15|130
15|500|0|0|10|1|11|15|131
30|500|0|0|4|2|6|15|131
15|500|0|0|8|1|9|15|132
30|500|0|0|6|2|8|15|132
15|500|0|0|8|1|9|15|133
30|500|0|0|6|2|8|15|133
15|500|0|0|6|1|7|15|134
30|500|0|0|8|2|10|15|134
15|500|0|0|8|1|9|15|135
30|500|0|0|6|2|8|15|135
15|500|0|0|6|1|7|15|136
30|500|0|0|8|2|10|15|136
15|500|0|0|9|1|10|15|137
30|500|0|0|5|2|7|15|137
15|500|0|0|7|1|8|15|138
30|500|0|0|7|2|9|15|138
15|500|0|0|8|1|9|15|139
30|500|0|0|6|2|8|15|139
15|500|0|0|4|1|5|15|140
30|500|0|0|10|2|12|15|140
15|500|0|0|9|1|10|15|141
30|500|0|0|5|2|7|15|141
15|500|0|0|5|1|6|15|142
30|500|0|0|9|2|11|15|142
15|500|0|0|4|1|5|15|143
30|500|0|0|10|2|12|15|143
15|500|0|0|8|1|9|15|144
30|500|0|0|6|2|8|15|144
15|500|0|0|6|1|7|15|145
30|500|0|0|8|2|10|15|145
15|500|0|0|9|1|10|15|146
30|500|0|0|5|2|7|15|146
15|500|0|0|9|1|10|15|147
30|500|0|0|5|2|7|15|147
15|500|0|0|9|1|10|15|148
30|500|0|0|5|2|7|15|148
15|500|0|0|6|1|7|15|149
30|500|0|0|8|2|10|15|149
15|500|0|0|7|1|8|15|150
30|500|0|0|7|2|9|15|150
15|500|0|0|6|1|7|15|151
30|500|0|0|8|2|10|15|151
15|500|0|0|7|1|8|15|152
30|500|0|0|7|2|9|15|152
15|500|0|0|8|1|9|15|153
30|500|0|0|6|2|8|15|153
15|500|0|0|10|1|11|15|154
30|500|0|0|4|2|6|15|154
15|500|0|0|8|1|9|15|155
30|500|0|0|6|2|8|15|155
15|500|0|0|4|1|5|15|156
30|500|0|0|10|2|12|15|156
15|500|0|0|4|1|5|15|157
30|500|0|0|10|2|12|15|157
15|500|0|0|7|1|8|15|158
30|500|0|0|7|2|9|15|158
15|500|0|0|6|1|7|15|159
30|500|0|0|8|2|10|15|159
15|500|0|0|7|1|8|15|160
30|500|0|0|7|2|9|15|160
15|500|0|0|6|1|7|15|161
30|500|0|0|8|2|10|15|161
15|500|0|0|10|1|11|15|162
30|500|0|0|4|2|6|15|162
15|500|0|0|7|1|8|15|163
30|500|0|0|7|2|9|15|163
15|500|0|0|8|1|9|15|164
30|500|0|0|6|2|8|15|164
15|500|0|0|9|1|10|15|165
30|500|0|0|5|2|7|15|165
15|500|0|0|7|1|8|15|166
30|500|0|0|7|2|9|15|166
15|500|0|0|8|1|9|15|167
30|500|0|0|6|2|8|15|167
15|500|0|0|7|1|8|15|168
30|500|0|0|7|2|9|15|168
15|500|0|0|4|1|5|15|169
30|500|0|0|10|2|12|15|169
15|500|0|0|8|1|9|15|170
30|500|0|0|6|2|8|15|170
15|500|0|0|7|1|8|15|171
30|500|0|0|7|2|9|15|171
15|500|0|0|9|1|10|15|172
30|500|0|0|5|2|7|15|172
15|500|0|0|10|1|11|15|173
30|500|0|0|4|2|6|15|173
15|500|0|0|5|1|6|15|174
30|500|0|0|9|2|11|15|174
15|500|0|0|5|1|6|15|175
30|500|0|0|9|2|11|15|175
15|500|0|0|8|1|9|15|176
30|500|0|0|6|2|8|15|176
15|500|0|0|8|1|9|15|177
30|500|0|0|6|2|8|15|177
15|500|0|0|10|1|11|15|178
30|500|0|0|4|2|6|15|178
15|500|0|0|6|1|7|15|179
30|500|0|0|8|2|10|15|179
15|500|0|0|8|1|9|15|180
30|500|0|0|6|2|8|15|180
15|500|0|0|4|1|5|15|181
30|500|0|0|10|2|12|15|181
15|500|0|0|8|1|9|15|182
30|500|0|0|6|2|8|15|182
15|500|0|0|7|1|8|15|183
30|500|0|0|7|2|9|15|183
15|500|0|0|4|1|5|15|184
30|500|0|0|10|2|12|15|184
15|500|0|0|9|1|10|15|185
30|500|0|0|5|2|7|15|185
15|500|0|0|3|1|4|15|186
30|500|0|0|11|2|13|15|186
15|500|0|0|5|1|6|15|187
30|500|0|0|9|2|11|15|187
15|500|0|0|3|1|4|15|188
30|500|0|0|11|2|13|15|188
15|500|0|0|6|1|7|15|189
30|500|0|0|8|2|10|15|189
15|500|0|0|9|1|10|15|190
30|500|0|0|5|2|7|15|190
15|500|0|0|8|1|9|15|191
30|500|0|0|6|2|8|15|191
15|500|0|0|6|1|7|15|192
30|500|0|0|8|2|10|15|192
15|500|0|0|7|1|8|15|193
30|500|0|0|7|2|9|15|193
15|500|0|0|4|1|5|15|194
30|500|0|0|10|2|12|15|194
15|500|0|0|4|1|5|15|195
30|500|0|0|10|2|12|15|195
15|500|0|0|7|1|8|15|196
30|500|0|0|7|2|9|15|196
15|500|0|0|6|1|7|15|197
30|500|0|0|8|2|10|15|197
15|500|0|0|9|1|10|15|198
30|500|0|0|5|2|7|15|198
15|500|0|0|4|1|5|15|199
30|500|0|0|10|2|12|15|199
15|500|0|0|9|1|10|15|200
30|500|0|0|5|2|7|15|200
15|500|0|0|4|1|5|15|201
30|500|0|0|10|2|12|15|201
15|500|0|0|7|1|8|15|202
30|500|0|0|7|2|9|15|202
15|500|0|0|9|1|10|15|203
30|500|0|0|5|2|7|15|203
15|500|0|0|7|1|8|15|204
30|500|0|0|7|2|9|15|204
15|500|0|0|8|1|9|15|205
30|500|0|0|6|2|8|15|205
15|500|0|0|9|1|10|15|206
30|500|0|0|5|2|7|15|206
15|500|0|0|10|1|11|15|207
30|500|0|0|4|2|6|15|207
15|500|0|0|10|1|11|15|208
30|500|0|0|4|2|6|15|208
15|500|0|0|6|1|7|15|209
30|500|0|0|8|2|10|15|209
15|500|0|0|5|1|6|15|210
30|500|0|0|9|2|11|15|210
15|500|0|0|7|1|8|15|211
30|500|0|0|7|2|9|15|211
15|500|0|0|3|1|4|15|212
30|500|0|0|11|2|13|15|212
15|500|0|0|5|1|6|15|213
30|500|0|0|9|2|11|15|213
15|500|0|0|6|1|7|15|214
30|500|0|0|8|2|10|15|214
15|500|0|0|3|1|4|15|215
30|500|0|0|11|2|13|15|215
15|500|0|0|10|1|11|15|216
30|500|0|0|4|2|6|15|216
15|500|0|0|8|1|9|15|217
30|500|0|0|6|2|8|15|217
15|500|0|0|7|1|8|15|218
30|500|0|0|7|2|9|15|218
15|500|0|0|4|1|5|15|219
30|500|0|0|10|2|12|15|219
15|500|0|0|8|1|9|15|220
30|500|0|0|6|2|8|15|220
15|500|0|0|6|1|7|15|221
30|500|0|0|8|2|10|15|221
15|500|0|0|8|1|9|15|222
30|500|0|0|6|2|8|15|222
15|500|0|0|7|1|8|15|223
30|500|0|0|7|2|9|15|223
15|500|0|0|6|1|7|15|224
30|500|0|0|8|2|10|15|224
15|500|0|0|5|1|6|15|225
30|500|0|0|9|2|11|15|225
15|500|0|0|9|1|10|15|226
30|500|0|0|5|2|7|15|226
15|500|0|0|6|1|7|15|227
30|500|0|0|8|2|10|15|227
15|500|0|0|7|1|8|15|228
30|500|0|0|7|2|9|15|228
15|500|0|0|6|1|7|15|229
30|500|0|0|8|2|10|15|229
15|500|0|0|7|1|8|15|230
30|500|0|0|7|2|9|15|230
15|500|0|0|9|1|10|15|231
30|500|0|0|5|2|7|15|231
15|500|0|0|7|1|8|15|232
30|500|0|0|7|2|9|15|232
15|500|0|0|10|1|11|15|233
30|500|0|0|4|2|6|15|233
15|500|0|0|8|1|9|15|234
30|500|0|0|6|2|8|15|234
15|500|0|0|9|1|10|15|235
30|500|0|0|5|2|7|15|235
15|500|0|0|7|1|8|15|236
30|500|0|0|7|2|9|15|236
15|500|0|0|4|1|5|15|237
30|500|0|0|10|2|12|15|237
15|500|0|0|10|1|11|15|238
30|500|0|0|4|2|6|15|238
15|500|0|0|6|1|7|15|239
30|500|0|0|8|2|10|15|239
15|500|0|0|6|1|7|15|240
30|500|0|0|8|2|10|15|240
15|500|0|0|6|1|7|15|241
30|500|0|0|8|2|10|15|241
15|500|0|0|7|1|8|15|242
30|500|0|0|7|2|9|15|242
15|500|0|0|8|1|9|15|243
30|500|0|0|6|2|8|15|243
15|500|0|0|10|1|11|15|244
30|500|0|0|4|2|6|15|244
15|500|0|0|10|1|11|15|245
30|500|0|0|4|2|6|15|245
15|500|0|0|7|1|8|15|246
30|500|0|0|7|2|9|15|246
15|500|0|0|9|1|10|15|247
30|500|0|0|5|2|7|15|247
15|500|0|0|8|1|9|15|248
30|500|0|0|6|2|8|15|248
15|500|0|0|8|1|9|15|249
30|500|0|0|6|2|8|15|249
15|500|0|0|7|1|8|15|250
30|500|0|0|7|2|9|15|250
15|500|0|0|9|1|10|15|251
30|500|0|0|5|2|7|15|251
15|500|0|0|4|1|5|15|252
30|500|0|0|10|2|12|15|252
15|500|0|0|3|1|4|15|253
30|500|0|0|11|2|13|15|253
15|500|0|0|9|1|10|15|254
30|500|0|0|5|2|7|15|254
15|500|0|0|10|1|11|15|255
30|500|0|0|4|2|6|15|255
15|500|0|0|5|1|6|15|256
30|500|0|0|9|2|11|15|256
15|500|0|0|6|1|7|15|257
30|500|0|0|8|2|10|15|257
15|500|0|0|9|1|10|15|258
30|500|0|0|5|2|7|15|258
15|500|0|0|7|1|8|15|259
30|500|0|0|7|2|9|15|259
15|500|0|0|7|1|8|15|260
30|500|0|0|7|2|9|15|260
15|500|0|0|6|1|7|15|261
30|500|0|0|8|2|10|15|261
15|500|0|0|8|1|9|15|262
30|500|0|0|6|2|8|15|262
15|500|0|0|8|1|9|15|263
30|500|0|0|6|2|8|15|263
15|500|0|0|7|1|8|15|264
30|500|0|0|7|2|9|15|264
15|500|0|0|7|1|8|15|265
30|500|0|0|7|2|9|15|265
15|500|0|0|10|1|11|15|266
30|500|0|0|4|2|6|15|266
15|500|0|0|6|1|7|15|267
30|500|0|0|8|2|10|15|267
15|500|0|0|6|1|7|15|268
30|500|0|0|8|2|10|15|268
15|500|0|0|6|1|7|15|269
30|500|0|0|8|2|10|15|269
15|500|0|0|8|1|9|15|270
30|500|0|0|6|2|8|15|270
15|500|0|0|7|1|8|15|271
30|500|0|0|7|2|9|15|271
15|500|0|0|4|1|5|15|272
30|500|0|0|10|2|12|15|272
15|500|0|0|4|1|5|15|273
30|500|0|0|10|2|12|15|273
15|500|0|0|5|1|6|15|274
30|500|0|0|9|2|11|15|274
15|500|0|0|4|1|5|15|275
30|500|0|0|10|2|12|15|275
15|500|0|0|5|1|6|15|276
30|500|0|0|9|2|11|15|276
15|500|0|0|7|1|8|15|277
30|500|0|0|7|2|9|15|277
15|500|0|0|6|1|7|15|278
30|500|0|0|8|2|10|15|278
15|500|0|0|10|1|11|15|279
30|500|0|0|4|2|6|15|279
15|500|0|0|6|1|7|15|280
30|500|0|0|8|2|10|15|280
15|500|0|0|7|1|8|15|281
30|500|0|0|7|2|9|15|281
15|500|0|0|10|1|11|15|282
30|500|0|0|4|2|6|15|282
15|500|0|0|7|1|8|15|283
30|500|0|0|7|2|9|15|283
15|500|0|0|7|1|8|15|284
30|500|0|0|7|2|9|15|284
15|500|0|0|10|1|11|15|285
30|500|0|0|4|2|6|15|285
15|500|0|0|8|1|9|15|286
30|500|0|0|6|2|8|15|286
15|500|0|0|8|1|9|15|287
30|500|0|0|6|2|8|15|287
15|500|0|0|10|1|11|15|288
30|500|0|0|4|2|6|15|288
15|500|0|0|6|1|7|15|289
30|500|0|0|8|2|10|15|289
15|500|0|0|6|1|7|15|290
30|500|0|0|8|2|10|15|290
15|500|0|0|8|1|9|15|291
30|500|0|0|6|2|8|15|291
15|500|0|0|8|1|9|15|292
30|500|0|0|6|2|8|15|292
15|500|0|0|5|1|6|15|293
30|500|0|0|9|2|11|15|293
15|500|0|0|10|1|11|15|294
30|500|0|0|4|2|6|15|294
15|500|0|0|9|1|10|15|295
30|500|0|0|5|2|7|15|295
15|500|0|0|3|1|4|15|296
30|500|0|0|6|2|8|15|296
15|500|0|0|2|1|3|15|297
30|500|0|0|12|2|14|15|297
15|500|0|0|3|1|4|15|298
30|500|0|0|11|2|13|15|298
15|500|0|0|7|1|8|15|299
30|500|0|0|7|2|9|15|299
15|500|0|0|3|1|4|15|300
30|500|0|0|6|2|8|15|300
15|500|0|0|7|1|8|15|301
30|500|0|0|7|2|9|15|301
15|500|0|0|4|1|5|15|302
30|500|0|0|10|2|12|15|302
15|500|0|0|5|1|6|15|303
30|500|0|0|9|2|11|15|303
15|500|0|0|8|1|9|15|304
30|500|0|0|6|2|8|15|304
15|500|0|0|8|1|9|15|305
30|500|0|0|6|2|8|15|305
15|500|0|0|8|1|9|15|306
30|500|0|0|6|2|8|15|306
15|500|0|0|9|1|10|15|307
30|500|0|0|5|2|7|15|307
15|500|0|0|9|1|10|15|308
30|500|0|0|5|2|7|15|308
15|500|0|0|8|1|9|15|309
30|500|0|0|6|2|8|15|309
15|500|0|0|7|1|8|15|310
30|500|0|0|7|2|9|15|310
15|500|0|0|10|1|11|15|311
30|500|0|0|4|2|6|15|311
15|500|0|0|9|1|10|15|312
30|500|0|0|5|2|7|15|312
15|500|0|0|10|1|11|15|313
30|500|0|0|4|2|6|15|313
15|500|0|0|5|1|6|15|314
30|500|0|0|9|2|11|15|314
15|500|0|0|5|1|6|15|315
30|500|0|0|9|2|11|15|315
15|500|0|0|4|1|5|15|316
30|500|0|0|10|2|12|15|316
15|500|0|0|7|1|8|15|317
30|500|0|0|7|2|9|15|317
15|500|0|0|5|1|6|15|318
30|500|0|0|9|2|11|15|318
15|500|0|0|8|1|9|15|319
30|500|0|0|6|2|8|15|319
15|500|0|0|7|1|8|15|320
30|500|0|0|7|2|9|15|320
15|500|0|0|9|1|10|15|321
30|500|0|0|5|2|7|15|321
15|500|0|0|7|1|8|15|322
30|500|0|0|7|2|9|15|322
15|500|0|0|8|1|9|15|323
30|500|0|0|6|2|8|15|323
15|500|0|0|6|1|7|15|324
30|500|0|0|8|2|10|15|324
15|500|0|0|6|1|7|15|325
30|500|0|0|8|2|10|15|325
15|500|0|0|6|1|7|15|326
30|500|0|0|8|2|10|15|326
15|500|0|0|9|1|10|15|327
30|500|0|0|5|2|7|15|327
15|500|0|0|8|1|9|15|328
30|500|0|0|6|2|8|15|328
15|500|0|0|7|1|8|15|329
30|500|0|0|7|2|9|15|329
15|500|0|0|10|1|11|15|330
30|500|0|0|4|2|6|15|330
15|500|0|0|7|1|8|15|331
30|500|0|0|7|2|9|15|331
15|500|0|0|7|1|8|15|332
30|500|0|0|7|2|9|15|332
15|500|0|0|9|1|10|15|333
30|500|0|0|5|2|7|15|333
15|500|0|0|3|1|4|15|334
30|500|0|0|11|2|13|15|334
15|500|0|0|7|1|8|15|335
30|500|0|0|7|2|9|15|335
15|500|0|0|6|1|7|15|336
30|500|0|0|8|2|10|15|336
15|500|0|0|8|1|9|15|337
30|500|0|0|6|2|8|15|337
15|500|0|0|6|1|7|15|338
30|500|0|0|8|2|10|15|338
15|500|0|0|9|1|10|15|339
30|500|0|0|5|2|7|15|339
15|500|0|0|6|1|7|15|340
30|500|0|0|8|2|10|15|340
15|500|0|0|10|1|11|15|341
30|500|0|0|4|2|6|15|341
15|500|0|0|5|1|6|15|342
30|500|0|0|9|2|11|15|342
15|500|0|0|8|1|9|15|343
30|500|0|0|6|2|8|15|343
15|500|0|0|7|1|8|15|344
30|500|0|0|7|2|9|15|344
15|500|0|0|4|1|5|15|345
30|500|0|0|10|2|12|15|345
15|500|0|0|9|1|10|15|346
30|500|0|0|5|2|7|15|346
15|500|0|0|8|1|9|15|347
30|500|0|0|6|2|8|15|347
15|500|0|0|8|1|9|15|348
30|500|0|0|6|2|8|15|348
15|500|0|0|9|1|10|15|349
30|500|0|0|5|2|7|15|349
15|500|0|0|8|1|9|15|350
30|500|0|0|6|2|8|15|350
15|500|0|0|8|1|9|15|351
30|500|0|0|6|2|8|15|351
15|500|0|0|7|1|8|15|352
30|500|0|0|7|2|9|15|352
15|500|0|0|7|1|8|15|353
30|500|0|0|7|2|9|15|353
15|500|0|0|8|1|9|15|354
30|500|0|0|6|2|8|15|354
15|500|0|0|6|1|7|15|355
30|500|0|0|8|2|10|15|355
15|500|0|0|8|1|9|15|356
30|500|0|0|6|2|8|15|356
15|500|0|0|8|1|9|15|357
30|500|0|0|6|2|8|15|357
15|500|0|0|7|1|8|15|358
30|500|0|0|7|2|9|15|358
15|500|0|0|5|1|6|15|359
30|500|0|0|9|2|11|15|359
15|500|0|0|6|1|7|15|360
30|500|0|0|8|2|10|15|360
15|500|0|0|5|1|6|15|361
30|500|0|0|9|2|11|15|361
15|500|0|0|5|1|6|15|362
30|500|0|0|9|2|11|15|362
15|500|0|0|9|1|10|15|363
30|500|0|0|5|2|7|15|363
15|500|0|0|9|1|10|15|364
30|500|0|0|5|2|7|15|364
15|500|0|0|6|1|7|15|365
30|500|0|0|8|2|10|15|365
15|500|0|0|7|1|8|15|366
30|500|0|0|7|2|9|15|366
15|500|0|0|8|1|9|15|367
30|500|0|0|6|2|8|15|367
15|500|0|0|10|1|11|15|368
30|500|0|0|4|2|6|15|368
15|500|0|0|6|1|7|15|369
30|500|0|0|8|2|10|15|369
15|500|0|0|4|1|5|15|370
30|500|0|0|10|2|12|15|370
15|500|0|0|7|1|8|15|371
30|500|0|0|7|2|9|15|371
15|500|0|0|4|1|5|15|372
30|500|0|0|10|2|12|15|372
15|500|0|0|5|1|6|15|373
30|500|0|0|9|2|11|15|373
15|500|0|0|8|1|9|15|374
30|500|0|0|6|2|8|15|374
15|500|0|0|9|1|10|15|375
30|500|0|0|5|2|7|15|375
15|500|0|0|6|1|7|15|376
30|500|0|0|8|2|10|15|376
15|500|0|0|8|1|9|15|377
30|500|0|0|6|2|8|15|377
15|500|0|0|7|1|8|15|378
30|500|0|0|7|2|9|15|378
15|500|0|0|5|1|6|15|379
30|500|0|0|9|2|11|15|379
15|500|0|0|7|1|8|15|380
30|500|0|0|7|2|9|15|380
15|500|0|0|7|1|8|15|381
30|500|0|0|7|2|9|15|381
15|500|0|0|6|1|7|15|382
30|500|0|0|8|2|10|15|382
15|500|0|0|8|1|9|15|383
30|500|0|0|6|2|8|15|383
15|500|0|0|8|1|9|15|384
30|500|0|0|6|2|8|15|384
15|500|0|0|8|1|9|15|385
30|500|0|0|6|2|8|15|385
15|500|0|0|8|1|9|15|386
30|500|0|0|6|2|8|15|386
15|500|0|0|3|1|4|15|387
30|500|0|0|11|2|13|15|387
15|500|0|0|9|1|10|15|388
30|500|0|0|5|2|7|15|388
15|500|0|0|7|1|8|15|389
30|500|0|0|7|2|9|15|389
15|500|0|0|10|1|11|15|390
30|500|0|0|4|2|6|15|390
15|500|0|0|5|1|6|15|391
30|500|0|0|9|2|11|15|391
15|500|0|0|4|1|5|15|392
30|500|0|0|10|2|12|15|392
15|500|0|0|4|1|5|15|393
30|500|0|0|10|2|12|15|393
15|500|0|0|5|1|6|15|394
30|500|0|0|9|2|11|15|394
15|500|0|0|10|1|11|15|395
30|500|0|0|4|2|6|15|395
15|500|0|0|9|1|10|15|396
30|500|0|0|5|2|7|15|396
15|500|0|0|8|1|9|15|397
30|500|0|0|6|2|8|15|397
15|500|0|0|7|1|8|15|398
30|500|0|0|7|2|9|15|398
15|500|0|0|7|1|8|15|399
30|500|0|0|7|2|9|15|399
15|500|0|0|9|1|10|15|400
30|500|0|0|5|2|7|15|400
15|500|0|0|5|1|6|15|401
30|500|0|0|9|2|11|15|401
15|500|0|0|7|1|8|15|402
30|500|0|0|7|2|9|15|402
15|500|0|0|9|1|10|15|403
30|500|0|0|5|2|7|15|403
15|500|0|0|8|1|9|15|404
30|500|0|0|6|2|8|15|404
15|500|0|0|10|1|11|15|405
30|500|0|0|4|2|6|15|405
15|500|0|0|8|1|9|15|406
30|500|0|0|6|2|8|15|406
15|500|0|0|7|1|8|15|407
30|500|0|0|7|2|9|15|407
15|500|0|0|8|1|9|15|408
30|500|0|0|6|2|8|15|408
15|500|0|0|6|1|7|15|409
30|500|0|0|8|2|10|15|409
15|500|0|0|10|1|11|15|410
30|500|0|0|4|2|6|15|410
15|500|0|0|7|1|8|15|411
30|500|0|0|7|2|9|15|411
15|500|0|0|6|1|7|15|412
30|500|0|0|8|2|10|15|412
15|500|0|0|3|1|4|15|413
30|500|0|0|11|2|13|15|413
15|500|0|0|7|1|8|15|414
30|500|0|0|7|2|9|15|414
15|500|0|0|10|1|11|15|415
30|500|0|0|4|2|6|15|415
15|500|0|0|8|1|9|15|416
30|500|0|0|6|2|8|15|416
15|500|0|0|7|1|8|15|417
30|500|0|0|7|2|9|15|417
15|500|0|0|10|1|11|15|418
30|500|0|0|4|2|6|15|418
15|500|0|0|8|1|9|15|419
30|500|0|0|6|2|8|15|419
15|500|0|0|8|1|9|15|420
30|500|0|0|6|2|8|15|420
15|500|0|0|10|1|11|15|421
30|500|0|0|4|2|6|15|421
15|500|0|0|8|1|9|15|422
30|500|0|0|6|2|8|15|422
15|500|0|0|9|1|10|15|423
30|500|0|0|5|2|7|15|423
15|500|0|0|6|1|7|15|424
30|500|0|0|8|2|10|15|424
15|500|0|0|3|1|4|15|425
30|500|0|0|11|2|13|15|425
15|500|0|0|10|1|11|15|426
30|500|0|0|4|2|6|15|426
15|500|0|0|10|1|11|15|427
30|500|0|0|4|2|6|15|427
15|500|0|0|8|1|9|15|428
30|500|0|0|6|2|8|15|428
15|500|0|0|10|1|11|15|429
30|500|0|0|4|2|6|15|429
15|500|0|0|9|1|10|15|430
30|500|0|0|5|2|7|15|430
15|500|0|0|8|1|9|15|431
30|500|0|0|6|2|8|15|431
15|500|0|0|8|1|9|15|432
30|500|0|0|6|2|8|15|432
15|500|0|0|6|1|7|15|433
30|500|0|0|8|2|10|15|433
15|500|0|0|3|1|4|15|434
30|500|0|0|11|2|13|15|434
15|500|0|0|10|1|11|15|435
30|500|0|0|4|2|6|15|435
15|500|0|0|4|1|5|15|436
30|500|0|0|10|2|12|15|436
15|500|0|0|10|1|11|15|437
30|500|0|0|4|2|6|15|437
15|500|0|0|9|1|10|15|438
30|500|0|0|5|2|7|15|438
15|500|0|0|9|1|10|15|439
30|500|0|0|5|2|7|15|439
15|500|0|0|8|1|9|15|440
30|500|0|0|6|2|8|15|440
15|500|0|0|6|1|7|15|441
30|500|0|0|8|2|10|15|441
15|500|0|0|2|1|3|15|442
30|500|0|0|12|2|14|15|442
15|500|0|0|4|1|5|15|443
30|500|0|0|10|2|12|15|443
15|500|0|0|7|1|8|15|444
30|500|0|0|7|2|9|15|444
15|500|0|0|6|1|7|15|445
30|500|0|0|8|2|10|15|445
15|500|0|0|9|1|10|15|446
30|500|0|0|5|2|7|15|446
15|500|0|0|8|1|9|15|447
30|500|0|0|6|2|8|15|447
15|500|0|0|10|1|11|15|448
30|500|0|0|4|2|6|15|448
15|500|0|0|8|1|9|15|449
30|500|0|0|6|2|8|15|449
15|500|0|0|10|1|11|15|450
30|500|0|0|4|2|6|15|450
15|500|0|0|4|1|5|15|451
30|500|0|0|10|2|12|15|451
15|500|0|0|7|1|8|15|452
30|500|0|0|7|2|9|15|452
15|500|0|0|4|1|5|15|453
30|500|0|0|10|2|12|15|453
15|500|0|0|6|1|7|15|454
30|500|0|0|8|2|10|15|454
15|500|0|0|10|1|11|15|455
30|500|0|0|4|2|6|15|455
15|500|0|0|3|1|4|15|456
30|500|0|0|11|2|13|15|456
15|500|0|0|2|1|3|15|457
30|500|0|0|12|2|14|15|457
15|500|0|0|10|1|11|15|458
30|500|0|0|4|2|6|15|458
15|500|0|0|2|1|3|15|459
30|500|0|0|12|2|14|15|459
15|500|0|0|10|1|11|15|460
30|500|0|0|4|2|6|15|460
15|500|0|0|4|1|5|15|461
30|500|0|0|10|2|12|15|461
15|500|0|0|7|1|8|15|462
30|500|0|0|7|2|9|15|462
15|500|0|0|4|1|5|15|463
30|500|0|0|10|2|12|15|463
15|500|0|0|5|1|6|15|464
30|500|0|0|9|2|11|15|464
15|500|0|0|8|1|9|15|465
30|500|0|0|6|2|8|15|465
15|500|0|0|8|1|9|15|466
30|500|0|0|6|2|8|15|466
15|500|0|0|4|1|5|15|467
30|500|0|0|10|2|12|15|467
15|500|0|0|5|1|6|15|468
30|500|0|0|9|2|11|15|468
15|500|0|0|4|1|5|15|469
30|500|0|0|10|2|12|15|469
15|500|0|0|5|1|6|15|470
30|500|0|0|9|2|11|15|470
15|500|0|0|6|1|7|15|471
30|500|0|0|8|2|10|15|471
15|500|0|0|6|1|7|15|472
30|500|0|0|8|2|10|15|472
15|500|0|0|4|1|5|15|473
30|500|0|0|10|2|12|15|473
15|500|0|0|2|1|3|15|474
30|500|0|0|12|2|14|15|474
15|500|0|0|7|1|8|15|475
30|500|0|0|7|2|9|15|475
15|500|0|0|7|1|8|15|476
30|500|0|0|7|2|9|15|476
15|500|0|0|8|1|9|15|477
30|500|0|0|6|2|8|15|477
15|500|0|0|7|1|8|15|478
30|500|0|0|7|2|9|15|478
15|500|0|0|6|1|7|15|479
30|500|0|0|8|2|10|15|479
15|500|0|0|8|1|9|15|480
30|500|0|0|6|2|8|15|480
15|500|0|0|7|1|8|15|481
30|500|0|0|7|2|9|15|481
15|500|0|0|8|1|9|15|482
30|500|0|0|6|2|8|15|482
15|500|0|0|9|1|10|15|483
30|500|0|0|5|2|7|15|483
15|500|0|0|9|1|10|15|484
30|500|0|0|5|2|7|15|484
15|500|0|0|3|1|4|15|485
30|500|0|0|6|2|8|15|485
15|500|0|0|7|1|8|15|486
30|500|0|0|7|2|9|15|486
15|500|0|0|8|1|9|15|487
30|500|0|0|6|2|8|15|487
15|500|0|0|7|1|8|15|488
30|500|0|0|7|2|9|15|488
15|500|0|0|7|1|8|15|489
30|500|0|0|7|2|9|15|489
15|500|0|0|4|1|5|15|490
30|500|0|0|10|2|12|15|490
15|500|0|0|10|1|11|15|491
30|500|0|0|4|2|6|15|491
15|500|0|0|6|1|7|15|492
30|500|0|0|8|2|10|15|492
15|500|0|0|10|1|11|15|493
30|500|0|0|4|2|6|15|493
15|500|0|0|9|1|10|15|494
30|500|0|0|5|2|7|15|494
15|500|0|0|6|1|7|15|495
30|500|0|0|8|2|10|15|495
15|500|0|0|10|1|11|15|496
30|500|0|0|4|2|6|15|496
15|500|0|0|10|1|11|15|497
30|500|0|0|4|2|6|15|497
15|500|0|0|8|1|9|15|498
30|500|0|0|6|2|8|15|498
15|500|0|0|9|1|10|15|499
30|500|0|0|5|2|7|15|499
15|500|0|0|7|1|8|15|500
30|500|0|0|7|2|9|15|500
15|500|0|0|4|2|6|30|501
30|500|0|0|10|1|11|30|501
15|500|0|0|5|2|7|30|502
30|500|0|0|9|1|10|30|502
15|500|0|0|9|2|11|30|503
30|500|0|0|5|1|6|30|503
15|500|0|0|4|2|6|30|504
30|500|0|0|10|1|11|30|504
15|500|0|0|6|2|8|30|505
30|500|0|0|8|1|9|30|505
15|500|0|0|7|2|9|30|506
30|500|0|0|7|1|8|30|506
15|500|0|0|3|2|5|30|507
30|500|0|0|11|1|12|30|507
15|500|0|0|5|2|7|30|508
30|500|0|0|9|1|10|30|508
15|500|0|0|4|2|6|30|509
30|500|0|0|10|1|11|30|509
15|500|0|0|4|2|6|30|510
30|500|0|0|10|1|11|30|510
15|500|0|0|8|2|10|30|511
30|500|0|0|6|1|7|30|511
15|500|0|0|7|2|9|30|512
30|500|0|0|7|1|8|30|512
15|500|0|0|10|2|12|30|513
30|500|0|0|4|1|5|30|513
15|500|0|0|6|2|8|30|514
30|500|0|0|8|1|9|30|514
15|500|0|0|3|2|5|30|515
30|500|0|0|11|1|12|30|515
15|500|0|0|9|2|11|30|516
30|500|0|0|5|1|6|30|516
15|500|0|0|10|2|12|30|517
30|500|0|0|4|1|5|30|517
15|500|0|0|5|2|7|30|518
30|500|0|0|9|1|10|30|518
15|500|0|0|10|2|12|30|519
30|500|0|0|4|1|5|30|519
15|500|0|0|9|2|11|30|520
30|500|0|0|5|1|6|30|520
15|500|0|0|10|2|12|30|521
30|500|0|0|4|1|5|30|521
15|500|0|0|6|2|8|30|522
30|500|0|0|8|1|9|30|522
15|500|0|0|5|2|7|30|523
30|500|0|0|9|1|10|30|523
15|500|0|0|5|2|7|30|524
30|500|0|0|9|1|10|30|524
15|500|0|0|11|2|13|30|525
30|500|0|0|3|1|4|30|525
15|500|0|0|4|2|6|30|526
30|500|0|0|5|1|6|30|526
15|500|0|0|8|2|10|30|527
30|500|0|0|6|1|7|30|527
15|500|0|0|7|2|9|30|528
30|500|0|0|7|1|8|30|528
15|500|0|0|8|2|10|30|529
30|500|0|0|6|1|7|30|529
15|500|0|0|6|2|8|30|530
30|500|0|0|8|1|9|30|530
15|500|0|0|6|2|8|30|531
30|500|0|0|8|1|9|30|531
15|500|0|0|7|2|9|30|532
30|500|0|0|7|1|8|30|532
15|500|0|0|5|2|7|30|533
30|500|0|0|9|1|10|30|533
15|500|0|0|10|2|12|30|534
30|500|0|0|4|1|5|30|534
15|500|0|0|7|2|9|30|535
30|500|0|0|7|1|8|30|535
15|500|0|0|3|2|5|30|536
30|500|0|0|11|1|12|30|536
15|500|0|0|8|2|10|30|537
30|500|0|0|6|1|7|30|537
15|500|0|0|4|2|6|30|538
30|500|0|0|10|1|11|30|538
15|500|0|0|3|2|5|30|539
30|500|0|0|11|1|12|30|539
15|500|0|0|9|2|11|30|540
30|500|0|0|5|1|6|30|540
15|500|0|0|8|2|10|30|541
30|500|0|0|6|1|7|30|541
15|500|0|0|8|2|10|30|542
30|500|0|0|6|1|7|30|542
15|500|0|0|5|2|7|30|543
30|500|0|0|9|1|10|30|543
15|500|0|0|6|2|8|30|544
30|500|0|0|8|1|9|30|544
15|500|0|0|9|2|11|30|545
30|500|0|0|5|1|6|30|545
15|500|0|0|9|2|11|30|546
30|500|0|0|5|1|6|30|546
15|500|0|0|5|2|7|30|547
30|500|0|0|9|1|10|30|547
15|500|0|0|10|2|12|30|548
30|500|0|0|4|1|5|30|548
15|500|0|0|3|2|5|30|549
30|500|0|0|11|1|12|30|549
15|500|0|0|7|2|9|30|550
30|500|0|0|7|1|8|30|550
15|500|0|0|9|2|11|30|551
30|500|0|0|5|1|6|30|551
15|500|0|0|6|2|8|30|552
30|500|0|0|8|1|9|30|552
15|500|0|0|7|2|9|30|553
30|500|0|0|7|1|8|30|553
15|500|0|0|7|2|9|30|554
30|500|0|0|7|1|8|30|554
15|500|0|0|10|2|12|30|555
30|500|0|0|4|1|5|30|555
15|500|0|0|7|2|9|30|556
30|500|0|0|7|1|8|30|556
15|500|0|0|3|2|5|30|557
30|500|0|0|11|1|12|30|557
15|500|0|0|4|2|6|30|558
30|500|0|0|10|1|11|30|558
15|500|0|0|5|2|7|30|559
30|500|0|0|9|1|10|30|559
15|500|0|0|7|2|9|30|560
30|500|0|0|7|1|8|30|560
15|500|0|0|3|2|5|30|561
30|500|0|0|11|1|12|30|561
15|500|0|0|9|2|11|30|562
30|500|0|0|5|1|6|30|562
15|500|0|0|9|2|11|30|563
30|500|0|0|5|1|6|30|563
15|500|0|0|7|2|9|30|564
30|500|0|0|7|1|8|30|564
15|500|0|0|8|2|10|30|565
30|500|0|0|6|1|7|30|565
15|500|0|0|7|2|9|30|566
30|500|0|0|7|1|8|30|566
15|500|0|0|4|2|6|30|567
30|500|0|0|10|1|11|30|567
15|500|0|0|3|2|5|30|568
30|500|0|0|11|1|12|30|568
15|500|0|0|8|2|10|30|569
30|500|0|0|6|1|7|30|569
15|500|0|0|5|2|7|30|570
30|500|0|0|9|1|10|30|570
15|500|0|0|10|2|12|30|571
30|500|0|0|4|1|5|30|571
15|500|0|0|5|2|7|30|572
30|500|0|0|9|1|10|30|572
15|500|0|0|6|2|8|30|573
30|500|0|0|8|1|9|30|573
15|500|0|0|8|2|10|30|574
30|500|0|0|6|1|7|30|574
15|500|0|0|5|2|7|30|575
30|500|0|0|9|1|10|30|575
15|500|0|0|5|2|7|30|576
30|500|0|0|9|1|10|30|576
15|500|0|0|6|2|8|30|577
30|500|0|0|8|1|9|30|577
15|500|0|0|10|2|12|30|578
30|500|0|0|4|1|5|30|578
15|500|0|0|10|2|12|30|579
30|500|0|0|4|1|5|30|579
15|500|0|0|6|2|8|30|580
30|500|0|0|8|1|9|30|580
15|500|0|0|7|2|9|30|581
30|500|0|0|7|1|8|30|581
15|500|0|0|9|2|11|30|582
30|500|0|0|5|1|6|30|582
15|500|0|0|7|2|9|30|583
30|500|0|0|7|1|8|30|583
15|500|0|0|8|2|10|30|584
30|500|0|0|6|1|7|30|584
15|500|0|0|8|2|10|30|585
30|500|0|0|6|1|7|30|585
15|500|0|0|7|2|9|30|586
30|500|0|0|7|1|8|30|586
15|500|0|0|6|2|8|30|587
30|500|0|0|8|1|9|30|587
15|500|0|0|7|2|9|30|588
30|500|0|0|7|1|8|30|588
15|500|0|0|9|2|11|30|589
30|500|0|0|5|1|6|30|589
15|500|0|0|7|2|9|30|590
30|500|0|0|7|1|8|30|590
15|500|0|0|8|2|10|30|591
30|500|0|0|6|1|7|30|591
15|500|0|0|7|2|9|30|592
30|500|0|0|7|1|8|30|592
15|500|0|0|5|2|7|30|593
30|500|0|0|9|1|10|30|593
15|500|0|0|8|2|10|30|594
30|500|0|0|6|1|7|30|594
15|500|0|0|10|2|12|30|595
30|500|0|0|4|1|5|30|595
15|500|0|0|11|2|13|30|596
30|500|0|0|3|1|4|30|596
15|500|0|0|5|2|7|30|597
30|500|0|0|9|1|10|30|597
15|500|0|0|3|2|5|30|598
30|500|0|0|11|1|12|30|598
15|500|0|0|8|2|10|30|599
30|500|0|0|6|1|7|30|599
15|500|0|0|8|2|10|30|600
30|500|0|0|6|1|7|30|600
15|500|0|0|8|2|10|30|601
30|500|0|0|6|1|7|30|601
15|500|0|0|11|2|13|30|602
30|500|0|0|3|1|4|30|602
15|500|0|0|7|2|9|30|603
30|500|0|0|7|1|8|30|603
15|500|0|0|9|2|11|30|604
30|500|0|0|5|1|6|30|604
15|500|0|0|8|2|10|30|605
30|500|0|0|6|1|7|30|605
15|500|0|0|7|2|9|30|606
30|500|0|0|7|1|8|30|606
15|500|0|0|5|2|7|30|607
30|500|0|0|9|1|10|30|607
15|500|0|0|8|2|10|30|608
30|500|0|0|6|1|7|30|608
15|500|0|0|4|2|6|30|609
30|500|0|0|10|1|11|30|609
15|500|0|0|4|2|6|30|610
30|500|0|0|10|1|11|30|610
15|500|0|0|7|2|9|30|611
30|500|0|0|7|1|8|30|611
15|500|0|0|11|2|13|30|612
30|500|0|0|3|1|4|30|612
15|500|0|0|8|2|10|30|613
30|500|0|0|6|1|7|30|613
15|500|0|0|10|2|12|30|614
30|500|0|0|4|1|5|30|614
15|500|0|0|7|2|9|30|615
30|500|0|0|7|1|8|30|615
15|500|0|0|8|2|10|30|616
30|500|0|0|6|1|7|30|616
15|500|0|0|3|2|5|30|617
30|500|0|0|11|1|12|30|617
15|500|0|0|3|2|5|30|618
30|500|0|0|11|1|12|30|618
15|500|0|0|7|2|9|30|619
30|500|0|0|7|1|8|30|619
15|500|0|0|5|2|7|30|620
30|500|0|0|9|1|10|30|620
15|500|0|0|9|2|11|30|621
30|500|0|0|5|1|6|30|621
15|500|0|0|10|2|12|30|622
30|500|0|0|4|1|5|30|622
15|500|0|0|7|2|9|30|623
30|500|0|0|7|1|8|30|623
15|500|0|0|11|2|13|30|624
30|500|0|0|3|1|4|30|624
15|500|0|0|4|2|6|30|625
30|500|0|0|10|1|11|30|625
15|500|0|0|4|2|6|30|626
30|500|0|0|10|1|11|30|626
15|500|0|0|4|2|6|30|627
30|500|0|0|5|1|6|30|627
15|500|0|0|5|2|7|30|628
30|500|0|0|9|1|10|30|628
15|500|0|0|11|2|13|30|629
30|500|0|0|3|1|4|30|629
15|500|0|0|4|2|6|30|630
30|500|0|0|10|1|11|30|630
15|500|0|0|11|2|13|30|631
30|500|0|0|3|1|4|30|631
15|500|0|0|9|2|11|30|632
30|500|0|0|5|1|6|30|632
15|500|0|0|4|2|6|30|633
30|500|0|0|10|1|11|30|633
15|500|0|0|4|2|6|30|634
30|500|0|0|10|1|11|30|634
15|500|0|0|8|2|10|30|635
30|500|0|0|6|1|7|30|635
15|500|0|0|4|2|6|30|636
30|500|0|0|10|1|11|30|636
15|500|0|0|5|2|7|30|637
30|500|0|0|9|1|10|30|637
15|500|0|0|4|2|6|30|638
30|500|0|0|10|1|11|30|638
15|500|0|0|8|2|10|30|639
30|500|0|0|6|1|7|30|639
15|500|0|0|3|2|5|30|640
30|500|0|0|11|1|12|30|640
15|500|0|0|4|2|6|30|641
30|500|0|0|10|1|11|30|641
15|500|0|0|7|2|9|30|642
30|500|0|0|7|1|8|30|642
15|500|0|0|5|2|7|30|643
30|500|0|0|9|1|10|30|643
15|500|0|0|9|2|11|30|644
30|500|0|0|5|1|6|30|644
15|500|0|0|7|2|9|30|645
30|500|0|0|7|1|8|30|645
15|500|0|0|5|2|7|30|646
30|500|0|0|9|1|10|30|646
15|500|0|0|6|2|8|30|647
30|500|0|0|8|1|9|30|647
15|500|0|0|6|2|8|30|648
30|500|0|0|8|1|9|30|648
15|500|0|0|7|2|9|30|649
30|500|0|0|7|1|8|30|649
15|500|0|0|7|2|9|30|650
30|500|0|0|7|1|8|30|650
15|500|0|0|5|2|7|30|651
30|500|0|0|9|1|10|30|651
15|500|0|0|7|2|9|30|652
30|500|0|0|7|1|8|30|652
15|500|0|0|6|2|8|30|653
30|500|0|0|8|1|9|30|653
15|500|0|0|8|2|10|30|654
30|500|0|0|6|1|7|30|654
15|500|0|0|9|2|11|30|655
30|500|0|0|5|1|6|30|655
15|500|0|0|8|2|10|30|656
30|500|0|0|6|1|7|30|656
15|500|0|0|10|2|12|30|657
30|500|0|0|4|1|5|30|657
15|500|0|0|8|2|10|30|658
30|500|0|0|6|1|7|30|658
15|500|0|0|7|2|9|30|659
30|500|0|0|7|1|8|30|659
15|500|0|0|11|2|13|30|660
30|500|0|0|3|1|4|30|660
15|500|0|0|5|2|7|30|661
30|500|0|0|9|1|10|30|661
15|500|0|0|8|2|10|30|662
30|500|0|0|6|1|7|30|662
15|500|0|0|10|2|12|30|663
30|500|0|0|4|1|5|30|663
15|500|0|0|9|2|11|30|664
30|500|0|0|5|1|6|30|664
15|500|0|0|8|2|10|30|665
30|500|0|0|6|1|7|30|665
15|500|0|0|8|2|10|30|666
30|500|0|0|6|1|7|30|666
15|500|0|0|8|2|10|30|667
30|500|0|0|6|1|7|30|667
15|500|0|0|11|2|13|30|668
30|500|0|0|3|1|4|30|668
15|500|0|0|5|2|7|30|669
30|500|0|0|9|1|10|30|669
15|500|0|0|10|2|12|30|670
30|500|0|0|4|1|5|30|670
15|500|0|0|8|2|10|30|671
30|500|0|0|6|1|7|30|671
15|500|0|0|5|2|7|30|672
30|500|0|0|9|1|10|30|672
15|500|0|0|6|2|8|30|673
30|500|0|0|8|1|9|30|673
15|500|0|0|4|2|6|30|674
30|500|0|0|10|1|11|30|674
15|500|0|0|7|2|9|30|675
30|500|0|0|7|1|8|30|675
15|500|0|0|7|2|9|30|676
30|500|0|0|7|1|8|30|676
15|500|0|0|5|2|7|30|677
30|500|0|0|9|1|10|30|677
15|500|0|0|11|2|13|30|678
30|500|0|0|3|1|4|30|678
15|500|0|0|9|2|11|30|679
30|500|0|0|5|1|6|30|679
15|500|0|0|11|2|13|30|680
30|500|0|0|3|1|4|30|680
15|500|0|0|5|2|7|30|681
30|500|0|0|9|1|10|30|681
15|500|0|0|6|2|8|30|682
30|500|0|0|8|1|9|30|682
15|500|0|0|9|2|11|30|683
30|500|0|0|5|1|6|30|683
15|500|0|0|7|2|9|30|684
30|500|0|0|7|1|8|30|684
15|500|0|0|11|2|13|30|685
30|500|0|0|3|1|4|30|685
15|500|0|0|7|2|9|30|686
30|500|0|0|7|1|8|30|686
15|500|0|0|8|2|10|30|687
30|500|0|0|6|1|7|30|687
15|500|0|0|3|2|5|30|688
30|500|0|0|11|1|12|30|688
15|500|0|0|10|2|12|30|689
30|500|0|0|4|1|5|30|689
15|500|0|0|3|2|5|30|690
30|500|0|0|11|1|12|30|690
15|500|0|0|9|2|11|30|691
30|500|0|0|5|1|6|30|691
15|500|0|0|9|2|11|30|692
30|500|0|0|5|1|6|30|692
15|500|0|0|5|2|7|30|693
30|500|0|0|9|1|10|30|693
15|500|0|0|5|2|7|30|694
30|500|0|0|9|1|10|30|694
15|500|0|0|9|2|11|30|695
30|500|0|0|5|1|6|30|695
15|500|0|0|6|2|8|30|696
30|500|0|0|8|1|9|30|696
15|500|0|0|8|2|10|30|697
30|500|0|0|6|1|7|30|697
15|500|0|0|5|2|7|30|698
30|500|0|0|9|1|10|30|698
15|500|0|0|5|2|7|30|699
30|500|0|0|9|1|10|30|699
15|500|0|0|6|2|8|30|700
30|500|0|0|8|1|9|30|700
15|500|0|0|8|2|10|30|701
30|500|0|0|6|1|7|30|701
15|500|0|0|10|2|12|30|702
30|500|0|0|4|1|5|30|702
15|500|0|0|6|2|8|30|703
30|500|0|0|8|1|9|30|703
15|500|0|0|6|2|8|30|704
30|500|0|0|8|1|9|30|704
15|500|0|0|11|2|13|30|705
30|500|0|0|3|1|4|30|705
15|500|0|0|7|2|9|30|706
30|500|0|0|7|1|8|30|706
15|500|0|0|6|2|8|30|707
30|500|0|0|8|1|9|30|707
15|500|0|0|9|2|11|30|708
30|500|0|0|5|1|6|30|708
15|500|0|0|4|2|6|30|709
30|500|0|0|10|1|11|30|709
15|500|0|0|8|2|10|30|710
30|500|0|0|6|1|7|30|710
15|500|0|0|8|2|10|30|711
30|500|0|0|6|1|7|30|711
15|500|0|0|11|2|13|30|712
30|500|0|0|3|1|4|30|712
15|500|0|0|9|2|11|30|713
30|500|0|0|5|1|6|30|713
15|500|0|0|7|2|9|30|714
30|500|0|0|7|1|8|30|714
15|500|0|0|8|2|10|30|715
30|500|0|0|6|1|7|30|715
15|500|0|0|7|2|9|30|716
30|500|0|0|7|1|8|30|716
15|500|0|0|4|2|6|30|717
30|500|0|0|10|1|11|30|717
15|500|0|0|5|2|7|30|718
30|500|0|0|9|1|10|30|718
15|500|0|0|3|2|5|30|719
30|500|0|0|11|1|12|30|719
15|500|0|0|9|2|11|30|720
30|500|0|0|5|1|6|30|720
15|500|0|0|6|2|8|30|721
30|500|0|0|8|1|9|30|721
15|500|0|0|7|2|9|30|722
30|500|0|0|7|1|8|30|722
15|500|0|0|4|2|6|30|723
30|500|0|0|10|1|11|30|723
15|500|0|0|7|2|9|30|724
30|500|0|0|7|1|8|30|724
15|500|0|0|9|2|11|30|725
30|500|0|0|5|1|6|30|725
15|500|0|0|9|2|11|30|726
30|500|0|0|5|1|6|30|726
15|500|0|0|7|2|9|30|727
30|500|0|0|7|1|8|30|727
15|500|0|0|10|2|12|30|728
30|500|0|0|4|1|5|30|728
15|500|0|0|7|2|9|30|729
30|500|0|0|7|1|8|30|729
15|500|0|0|6|2|8|30|730
30|500|0|0|8|1|9|30|730
15|500|0|0|9|2|11|30|731
30|500|0|0|5|1|6|30|731
15|500|0|0|8|2|10|30|732
30|500|0|0|6|1|7|30|732
15|500|0|0|3|2|5|30|733
30|500|0|0|11|1|12|30|733
15|500|0|0|6|2|8|30|734
30|500|0|0|8|1|9|30|734
15|500|0|0|8|2|10|30|735
30|500|0|0|6|1|7|30|735
15|500|0|0|9|2|11|30|736
30|500|0|0|5|1|6|30|736
15|500|0|0|6|2|8|30|737
30|500|0|0|8|1|9|30|737
15|500|0|0|6|2|8|30|738
30|500|0|0|8|1|9|30|738
15|500|0|0|6|2|8|30|739
30|500|0|0|8|1|9|30|739
15|500|0|0|4|2|6|30|740
30|500|0|0|10|1|11|30|740
15|500|0|0|5|2|7|30|741
30|500|0|0|9|1|10|30|741
15|500|0|0|8|2|10|30|742
30|500|0|0|6|1|7|30|742
15|500|0|0|4|2|6|30|743
30|500|0|0|10|1|11|30|743
15|500|0|0|10|2|12|30|744
30|500|0|0|4|1|5|30|744
15|500|0|0|5|2|7|30|745
30|500|0|0|9|1|10|30|745
15|500|0|0|8|2|10|30|746
30|500|0|0|6|1|7|30|746
15|500|0|0|7|2|9|30|747
30|500|0|0|7|1|8|30|747
15|500|0|0|7|2|9|30|748
30|500|0|0|7|1|8|30|748
15|500|0|0|3|2|5|30|749
30|500|0|0|11|1|12|30|749
15|500|0|0|8|2|10|30|750
30|500|0|0|6|1|7|30|750
15|500|0|0|4|2|6|30|751
30|500|0|0|5|1|6|30|751
15|500|0|0|5|2|7|30|752
30|500|0|0|9|1|10|30|752
15|500|0|0|9|2|11|30|753
30|500|0|0|5|1|6|30|753
15|500|0|0|10|2|12|30|754
30|500|0|0|4|1|5|30|754
15|500|0|0|5|2|7|30|755
30|500|0|0|9|1|10|30|755
15|500|0|0|7|2|9|30|756
30|500|0|0|7|1|8|30|756
15|500|0|0|4|2|6|30|757
30|500|0|0|10|1|11|30|757
15|500|0|0|7|2|9|30|758
30|500|0|0|7|1|8|30|758
15|500|0|0|8|2|10|30|759
30|500|0|0|6|1|7|30|759
15|500|0|0|5|2|7|30|760
30|500|0|0|9|1|10|30|760
15|500|0|0|11|2|13|30|761
30|500|0|0|3|1|4|30|761
15|500|0|0|3|2|5|30|762
30|500|0|0|11|1|12|30|762
15|500|0|0|9|2|11|30|763
30|500|0|0|5|1|6|30|763
15|500|0|0|7|2|9|30|764
30|500|0|0|7|1|8|30|764
15|500|0|0|5|2|7|30|765
30|500|0|0|9|1|10|30|765
15|500|0|0|5|2|7|30|766
30|500|0|0|9|1|10|30|766
15|500|0|0|6|2|8|30|767
30|500|0|0|8|1|9|30|767
15|500|0|0|9|2|11|30|768
30|500|0|0|5|1|6|30|768
15|500|0|0|5|2|7|30|769
30|500|0|0|9|1|10|30|769
15|500|0|0|10|2|12|30|770
30|500|0|0|4|1|5|30|770
15|500|0|0|7|2|9|30|771
30|500|0|0|7|1|8|30|771
15|500|0|0|8|2|10|30|772
30|500|0|0|6|1|7|30|772
15|500|0|0|5|2|7|30|773
30|500|0|0|9|1|10|30|773
15|500|0|0|8|2|10|30|774
30|500|0|0|6|1|7|30|774
15|500|0|0|8|2|10|30|775
30|500|0|0|6|1|7|30|775
15|500|0|0|7|2|9|30|776
30|500|0|0|7|1|8|30|776
15|500|0|0|10|2|12|30|777
30|500|0|0|4|1|5|30|777
15|500|0|0|4|2|6|30|778
30|500|0|0|10|1|11|30|778
15|500|0|0|5|2|7|30|779
30|500|0|0|9|1|10|30|779
15|500|0|0|7|2|9|30|780
30|500|0|0|7|1|8|30|780
15|500|0|0|7|2|9|30|781
30|500|0|0|7|1|8|30|781
15|500|0|0|6|2|8|30|782
30|500|0|0|8|1|9|30|782
15|500|0|0|7|2|9|30|783
30|500|0|0|7|1|8|30|783
15|500|0|0|5|2|7|30|784
30|500|0|0|9|1|10|30|784
15|500|0|0|7|2|9|30|785
30|500|0|0|7|1|8|30|785
15|500|0|0|7|2|9|30|786
30|500|0|0|7|1|8|30|786
15|500|0|0|5|2|7|30|787
30|500|0|0|9|1|10|30|787
15|500|0|0|8|2|10|30|788
30|500|0|0|6|1|7|30|788
15|500|0|0|5|2|7|30|789
30|500|0|0|9|1|10|30|789
15|500|0|0|5|2|7|30|790
30|500|0|0|9|1|10|30|790
15|500|0|0|3|2|5|30|791
30|500|0|0|11|1|12|30|791
15|500|0|0|5|2|7|30|792
30|500|0|0|9|1|10|30|792
15|500|0|0|7|2|9|30|793
30|500|0|0|7|1|8|30|793
15|500|0|0|7|2|9|30|794
30|500|0|0|7|1|8|30|794
15|500|0|0|7|2|9|30|795
30|500|0|0|7|1|8|30|795
15|500|0|0|5|2|7|30|796
30|500|0|0|9|1|10|30|796
15|500|0|0|11|2|13|30|797
30|500|0|0|3|1|4|30|797
15|500|0|0|9|2|11|30|798
30|500|0|0|5|1|6|30|798
15|500|0|0|7|2|9|30|799
30|500|0|0|7|1|8|30|799
15|500|0|0|5|2|7|30|800
30|500|0|0|9|1|10|30|800
15|500|0|0|11|2|13|30|801
30|500|0|0|3|1|4|30|801
15|500|0|0|5|2|7|30|802
30|500|0|0|9|1|10|30|802
15|500|0|0|4|2|6|30|803
30|500|0|0|5|1|6|30|803
15|500|0|0|6|2|8|30|804
30|500|0|0|8|1|9|30|804
15|500|0|0|4|2|6|30|805
30|500|0|0|10|1|11|30|805
15|500|0|0|8|2|10|30|806
30|500|0|0|6|1|7|30|806
15|500|0|0|9|2|11|30|807
30|500|0|0|5|1|6|30|807
15|500|0|0|4|2|6|30|808
30|500|0|0|10|1|11|30|808
15|500|0|0|8|2|10|30|809
30|500|0|0|6|1|7|30|809
15|500|0|0|5|2|7|30|810
30|500|0|0|9|1|10|30|810
15|500|0|0|5|2|7|30|811
30|500|0|0|9|1|10|30|811
15|500|0|0|8|2|10|30|812
30|500|0|0|6|1|7|30|812
15|500|0|0|7|2|9|30|813
30|500|0|0|7|1|8|30|813
15|500|0|0|5|2|7|30|814
30|500|0|0|9|1|10|30|814
15|500|0|0|7|2|9|30|815
30|500|0|0|7|1|8|30|815
15|500|0|0|9|2|11|30|816
30|500|0|0|5|1|6|30|816
15|500|0|0|9|2|11|30|817
30|500|0|0|5|1|6|30|817
15|500|0|0|4|2|6|30|818
30|500|0|0|10|1|11|30|818
15|500|0|0|10|2|12|30|819
30|500|0|0|4|1|5|30|819
15|500|0|0|9|2|11|30|820
30|500|0|0|5|1|6|30|820
15|500|0|0|5|2|7|30|821
30|500|0|0|9|1|10|30|821
15|500|0|0|10|2|12|30|822
30|500|0|0|4|1|5|30|822
15|500|0|0|6|2|8|30|823
30|500|0|0|8|1|9|30|823
15|500|0|0|8|2|10|30|824
30|500|0|0|6|1|7|30|824
15|500|0|0|9|2|11|30|825
30|500|0|0|5|1|6|30|825
15|500|0|0|8|2|10|30|826
30|500|0|0|6|1|7|30|826
15|500|0|0|5|2|7|30|827
30|500|0|0|9|1|10|30|827
15|500|0|0|10|2|12|30|828
30|500|0|0|4|1|5|30|828
15|500|0|0|7|2|9|30|829
30|500|0|0|7|1|8|30|829
15|500|0|0|9|2|11|30|830
30|500|0|0|5|1|6|30|830
15|500|0|0|7|2|9|30|831
30|500|0|0|7|1|8|30|831
15|500|0|0|6|2|8|30|832
30|500|0|0|8|1|9|30|832
15|500|0|0|5|2|7|30|833
30|500|0|0|9|1|10|30|833
15|500|0|0|4|2|6|30|834
30|500|0|0|5|1|6|30|834
15|500|0|0|5|2|7|30|835
30|500|0|0|9|1|10|30|835
15|500|0|0|11|2|13|30|836
30|500|0|0|3|1|4|30|836
15|500|0|0|8|2|10|30|837
30|500|0|0|6|1|7|30|837
15|500|0|0|8|2|10|30|838
30|500|0|0|6|1|7|30|838
15|500|0|0|8|2|10|30|839
30|500|0|0|6|1|7|30|839
15|500|0|0|5|2|7|30|840
30|500|0|0|9|1|10|30|840
15|500|0|0|10|2|12|30|841
30|500|0|0|4|1|5|30|841
15|500|0|0|9|2|11|30|842
30|500|0|0|5|1|6|30|842
15|500|0|0|4|2|6|30|843
30|500|0|0|10|1|11|30|843
15|500|0|0|8|2|10|30|844
30|500|0|0|6|1|7|30|844
15|500|0|0|9|2|11|30|845
30|500|0|0|5|1|6|30|845
15|500|0|0|4|2|6|30|846
30|500|0|0|10|1|11|30|846
15|500|0|0|5|2|7|30|847
30|500|0|0|9|1|10|30|847
15|500|0|0|4|2|6|30|848
30|500|0|0|10|1|11|30|848
15|500|0|0|7|2|9|30|849
30|500|0|0|7|1|8|30|849
15|500|0|0|6|2|8|30|850
30|500|0|0|8|1|9|30|850
15|500|0|0|4|2|6|30|851
30|500|0|0|10|1|11|30|851
15|500|0|0|4|2|6|30|852
30|500|0|0|10|1|11|30|852
15|500|0|0|9|2|11|30|853
30|500|0|0|5|1|6|30|853
15|500|0|0|4|2|6|30|854
30|500|0|0|10|1|11|30|854
15|500|0|0|10|2|12|30|855
30|500|0|0|4|1|5|30|855
15|500|0|0|10|2|12|30|856
30|500|0|0|4|1|5|30|856
15|500|0|0|9|2|11|30|857
30|500|0|0|5|1|6|30|857
15|500|0|0|4|2|6|30|858
30|500|0|0|5|1|6|30|858
15|500|0|0|5|2|7|30|859
30|500|0|0|9|1|10|30|859
15|500|0|0|5|2|7|30|860
30|500|0|0|9|1|10|30|860
15|500|0|0|8|2|10|30|861
30|500|0|0|6|1|7|30|861
15|500|0|0|8|2|10|30|862
30|500|0|0|6|1|7|30|862
15|500|0|0|3|2|5|30|863
30|500|0|0|11|1|12|30|863
15|500|0|0|8|2|10|30|864
30|500|0|0|6|1|7|30|864
15|500|0|0|5|2|7|30|865
30|500|0|0|9|1|10|30|865
15|500|0|0|7|2|9|30|866
30|500|0|0|7|1|8|30|866
15|500|0|0|5|2|7|30|867
30|500|0|0|9|1|10|30|867
15|500|0|0|8|2|10|30|868
30|500|0|0|6|1|7|30|868
15|500|0|0|3|2|5|30|869
30|500|0|0|11|1|12|30|869
15|500|0|0|4|2|6|30|870
30|500|0|0|10|1|11|30|870
15|500|0|0|10|2|12|30|871
30|500|0|0|4|1|5|30|871
15|500|0|0|8|2|10|30|872
30|500|0|0|6|1|7|30|872
15|500|0|0|6|2|8|30|873
30|500|0|0|8|1|9|30|873
15|500|0|0|9|2|11|30|874
30|500|0|0|5|1|6|30|874
15|500|0|0|11|2|13|30|875
30|500|0|0|3|1|4|30|875
15|500|0|0|6|2|8|30|876
30|500|0|0|8|1|9|30|876
15|500|0|0|10|2|12|30|877
30|500|0|0|4|1|5|30|877
15|500|0|0|5|2|7|30|878
30|500|0|0|9|1|10|30|878
15|500|0|0|7|2|9|30|879
30|500|0|0|7|1|8|30|879
15|500|0|0|5|2|7|30|880
30|500|0|0|9|1|10|30|880
15|500|0|0|9|2|11|30|881
30|500|0|0|5|1|6|30|881
15|500|0|0|8|2|10|30|882
30|500|0|0|6|1|7|30|882
15|500|0|0|7|2|9|30|883
30|500|0|0|7|1|8|30|883
15|500|0|0|7|2|9|30|884
30|500|0|0|7|1|8|30|884
15|500|0|0|5|2|7|30|885
30|500|0|0|9|1|10|30|885
15|500|0|0|11|2|13|30|886
30|500|0|0|3|1|4|30|886
15|500|0|0|4|2|6|30|887
30|500|0|0|10|1|11|30|887
15|500|0|0|4|2|6|30|888
30|500|0|0|10|1|11|30|888
15|500|0|0|6|2|8|30|889
30|500|0|0|8|1|9|30|889
15|500|0|0|5|2|7|30|890
30|500|0|0|9|1|10|30|890
15|500|0|0|3|2|5|30|891
30|500|0|0|11|1|12|30|891
15|500|0|0|3|2|5|30|892
30|500|0|0|11|1|12|30|892
15|500|0|0|9|2|11|30|893
30|500|0|0|5|1|6|30|893
15|500|0|0|8|2|10|30|894
30|500|0|0|6|1|7|30|894
15|500|0|0|9|2|11|30|895
30|500|0|0|5|1|6|30|895
15|500|0|0|7|2|9|30|896
30|500|0|0|7|1|8|30|896
15|500|0|0|9|2|11|30|897
30|500|0|0|5|1|6|30|897
15|500|0|0|5|2|7|30|898
30|500|0|0|9|1|10|30|898
15|500|0|0|7|2|9|30|899
30|500|0|0|7|1|8|30|899
15|500|0|0|5|2|7|30|900
30|500|0|0|9|1|10|30|900
15|500|0|0|4|2|6|30|901
30|500|0|0|10|1|11|30|901
15|500|0|0|5|2|7|30|902
30|500|0|0|9|1|10|30|902
15|500|0|0|8|2|10|30|903
30|500|0|0|6|1|7|30|903
15|500|0|0|7|2|9|30|904
30|500|0|0|7|1|8|30|904
15|500|0|0|6|2|8|30|905
30|500|0|0|8|1|9|30|905
15|500|0|0|7|2|9|30|906
30|500|0|0|7|1|8|30|906
15|500|0|0|5|2|7|30|907
30|500|0|0|9|1|10|30|907
15|500|0|0|11|2|13|30|908
30|500|0|0|3|1|4|30|908
15|500|0|0|8|2|10|30|909
30|500|0|0|6|1|7|30|909
15|500|0|0|5|2|7|30|910
30|500|0|0|9|1|10|30|910
15|500|0|0|9|2|11|30|911
30|500|0|0|5|1|6|30|911
15|500|0|0|5|2|7|30|912
30|500|0|0|9|1|10|30|912
15|500|0|0|4|2|6|30|913
30|500|0|0|10|1|11|30|913
15|500|0|0|4|2|6|30|914
30|500|0|0|10|1|11|30|914
15|500|0|0|7|2|9|30|915
30|500|0|0|7|1|8|30|915
15|500|0|0|11|2|13|30|916
30|500|0|0|3|1|4|30|916
15|500|0|0|10|2|12|30|917
30|500|0|0|4|1|5|30|917
15|500|0|0|5|2|7|30|918
30|500|0|0|9|1|10|30|918
15|500|0|0|8|2|10|30|919
30|500|0|0|6|1|7|30|919
15|500|0|0|9|2|11|30|920
30|500|0|0|5|1|6|30|920
15|500|0|0|7|2|9|30|921
30|500|0|0|7|1|8|30|921
15|500|0|0|8|2|10|30|922
30|500|0|0|6|1|7|30|922
15|500|0|0|5|2|7|30|923
30|500|0|0|9|1|10|30|923
15|500|0|0|6|2|8|30|924
30|500|0|0|8|1|9|30|924
15|500|0|0|5|2|7|30|925
30|500|0|0|9|1|10|30|925
15|500|0|0|8|2|10|30|926
30|500|0|0|6|1|7|30|926
15|500|0|0|5|2|7|30|927
30|500|0|0|9|1|10|30|927
15|500|0|0|8|2|10|30|928
30|500|0|0|6|1|7|30|928
15|500|0|0|5|2|7|30|929
30|500|0|0|9|1|10|30|929
15|500|0|0|5|2|7|30|930
30|500|0|0|9|1|10|30|930
15|500|0|0|9|2|11|30|931
30|500|0|0|5|1|6|30|931
15|500|0|0|8|2|10|30|932
30|500|0|0|6|1|7|30|932
15|500|0|0|7|2|9|30|933
30|500|0|0|7|1|8|30|933
15|500|0|0|8|2|10|30|934
30|500|0|0|6|1|7|30|934
15|500|0|0|5|2|7|30|935
30|500|0|0|9|1|10|30|935
15|500|0|0|7|2|9|30|936
30|500|0|0|7|1|8|30|936
15|500|0|0|5|2|7|30|937
30|500|0|0|9|1|10|30|937
15|500|0|0|11|2|13|30|938
30|500|0|0|3|1|4|30|938
15|500|0|0|8|2|10|30|939
30|500|0|0|6|1|7|30|939
15|500|0|0|5|2|7|30|940
30|500|0|0|9|1|10|30|940
15|500|0|0|7|2|9|30|941
30|500|0|0|7|1|8|30|941
15|500|0|0|5|2|7|30|942
30|500|0|0|9|1|10|30|942
15|500|0|0|9|2|11|30|943
30|500|0|0|5|1|6|30|943
15|500|0|0|8|2|10|30|944
30|500|0|0|6|1|7|30|944
15|500|0|0|11|2|13|30|945
30|500|0|0|3|1|4|30|945
15|500|0|0|10|2|12|30|946
30|500|0|0|4|1|5|30|946
15|500|0|0|8|2|10|30|947
30|500|0|0|6|1|7|30|947
15|500|0|0|7|2|9|30|948
30|500|0|0|7|1|8|30|948
15|500|0|0|9|2|11|30|949
30|500|0|0|5|1|6|30|949
15|500|0|0|5|2|7|30|950
30|500|0|0|9|1|10|30|950
15|500|0|0|6|2|8|30|951
30|500|0|0|8|1|9|30|951
15|500|0|0|4|2|6|30|952
30|500|0|0|10|1|11|30|952
15|500|0|0|4|2|6|30|953
30|500|0|0|10|1|11|30|953
15|500|0|0|8|2|10|30|954
30|500|0|0|6|1|7|30|954
15|500|0|0|6|2|8|30|955
30|500|0|0|8|1|9|30|955
15|500|0|0|9|2|11|30|956
30|500|0|0|5|1|6|30|956
15|500|0|0|7|2|9|30|957
30|500|0|0|7|1|8|30|957
15|500|0|0|8|2|10|30|958
30|500|0|0|6|1|7|30|958
15|500|0|0|8|2|10|30|959
30|500|0|0|6|1|7|30|959
15|500|0|0|5|2|7|30|960
30|500|0|0|9|1|10|30|960
15|500|0|0|7|2|9|30|961
30|500|0|0|7|1|8|30|961
15|500|0|0|6|2|8|30|962
30|500|0|0|8|1|9|30|962
15|500|0|0|9|2|11|30|963
30|500|0|0|5|1|6|30|963
15|500|0|0|7|2|9|30|964
30|500|0|0|7|1|8|30|964
15|500|0|0|10|2|12|30|965
30|500|0|0|4|1|5|30|965
15|500|0|0|7|2|9|30|966
30|500|0|0|7|1|8|30|966
15|500|0|0|8|2|10|30|967
30|500|0|0|6|1|7|30|967
15|500|0|0|8|2|10|30|968
30|500|0|0|6|1|7|30|968
15|500|0|0|7|2|9|30|969
30|500|0|0|7|1|8|30|969
15|500|0|0|7|2|9|30|970
30|500|0|0|7|1|8|30|970
15|500|0|0|8|2|10|30|971
30|500|0|0|6|1|7|30|971
15|500|0|0|5|2|7|30|972
30|500|0|0|9|1|10|30|972
15|500|0|0|5|2|7|30|973
30|500|0|0|9|1|10|30|973
15|500|0|0|5|2|7|30|974
30|500|0|0|9|1|10|30|974
15|500|0|0|9|2|11|30|975
30|500|0|0|5|1|6|30|975
15|500|0|0|7|2|9|30|976
30|500|0|0|7|1|8|30|976
15|500|0|0|7|2|9|30|977
30|500|0|0|7|1|8|30|977
15|500|0|0|7|2|9|30|978
30|500|0|0|7|1|8|30|978
15|500|0|0|5|2|7|30|979
30|500|0|0|9|1|10|30|979
15|500|0|0|5|2|7|30|980
30|500|0|0|9|1|10|30|980
15|500|0|0|9|2|11|30|981
30|500|0|0|5|1|6|30|981
15|500|0|0|6|2|8|30|982
30|500|0|0|8|1|9|30|982
15|500|0|0|3|2|5|30|983
30|500|0|0|11|1|12|30|983
15|500|0|0|9|2|11|30|984
30|500|0|0|5|1|6|30|984
15|500|0|0|7|2|9|30|985
30|500|0|0|7|1|8|30|985
15|500|0|0|4|2|6|30|986
30|500|0|0|10|1|11|30|986
15|500|0|0|4|2|6|30|987
30|500|0|0|10|1|11|30|987
15|500|0|0|6|2|8|30|988
30|500|0|0|8|1|9|30|988
15|500|0|0|10|2|12|30|989
30|500|0|0|4|1|5|30|989
15|500|0|0|8|2|10|30|990
30|500|0|0|6|1|7|30|990
15|500|0|0|7|2|9|30|991
30|500|0|0|7|1|8|30|991
15|500|0|0|6|2|8|30|992
30|500|0|0|8|1|9|30|992
15|500|0|0|6|2|8|30|993
30|500|0|0|8|1|9|30|993
15|500|0|0|8|2|10|30|994
30|500|0|0|6|1|7|30|994
15|500|0|0|9|2|11|30|995
30|500|0|0|5|1|6|30|995
15|500|0|0|8|2|10|30|996
30|500|0|0|6|1|7|30|996
15|500|0|0|9|2|11|30|997
30|500|0|0|5|1|6|30|997
15|500|0|0|8|2|10|30|998
30|500|0|0|6|1|7|30|998
15|500|0|0|8|2|10|30|999
30|500|0|0|6|1|7|30|999
15|500|0|0|7|2|9|30|1000
30|500|0|0|7|1|8|30|1000
